title,abstract,field,reference_topic_label
AI-based long-term health risk evaluation for driving behaviour change strategies in children and youth,"Non-communicable diseases (NCDs) are the leading cause of death and healthcare expense. Common risk factors for many of them are obesity and low physical fitness resulting from an unhealthy lifestyle. Targeting children and youth for lifestyle interventions has been suggested because (1) early precursors of most NCDs are already present at this age, (2) childhood and adolescence are critical periods for the acquisition of healthy lifestyle habits, and (3) unhealthy lifestyle in this age group is prevalent.We propose to develop long-term risk-prediction models for cardiovascular and metabolic disease for people aged 5–19.",obesity,"Digital, Social, and Policy Innovations in Health"
Retinal Mesh Optoelectronics,"Visual sense is vital for all of us. Blindness has severe negative psychological, social, and economical consequences, and degeneration of photoreceptors is a leading cause of it. Photovoltaic retina implants are the current electronic solution to restore vision loss due to photoreceptor degeneration. Since the state-of-the-art implants are based on photodiodes, which face challenges in terms of miniaturization, efficiency, and compatibility with mechanical and structural properties of the retina, artificial vision still falls short to overcome the legal blindness level.",optoelectronics,Retinal and Ocular Disease Mechanisms and Therapies
Multivariate optoacoustic sensor for longitudinal diabetes monitoring,"MOSAIC will radically miniaturize non-invasive optoacoustic technology and make it portable by coupling optoacoustic sensing to novel explainable artificial Intelligence (xAI) to monitor a major health threat in the 21st century: Diabetes Mellitus. MOSAIC is based on recent advances on optoelectronic miniaturization and uses the skin as a window to dermal microvasculature and resolves a large number of biomarkers associated with diabetes. The technology is offered as a fast sensor that is inexpensive and reliable, entirely non-invasive and portable and supported by elaborate quality control monitoring so that it can be employed for long-term patient monitoring.",diabetes,Diabetes Monitoring and Hormonal Regulation Methods
Effect of insulin and feed/fast cycle on vaccine efficacy and safety.,"Though it has long been known that activated lymphoid cells upregulate insulin receptors, the functional relevance of insulin signalling in immune cells has only recently begun to be explored. This includes the recent finding that insulin-stimulated activation in the PI3K/Akt/mTOR promotes immunometabolic reprogramming of T cells, thereby promoting antigen-specific immunity. Similarly, in liver cells, insulin receptors have been shown to translocate to the nucleus where they participate in regulating genes involved in viral response and epitope presentation.",proteomics,Diabetes Monitoring and Hormonal Regulation Methods
"Safeguarding African Foodsheds and Ecosystems for all Actors across Local, regional and international Levels to manage migration","Agriculture is the foundation of the livelihoods of billions of people worldwide, including African rural and urban households, farming communities, and cities. However, weather and climate risks have increased, creating a need for better access to climate and weather information, soil water management, insurance, and other climate-agricultural services. Although some services exist, they are often separated and follow a top-down information provision that operates on a national scale. SAFE4ALL aims to address the interconnected issues of climate change, food security, ecosystem and disaster management, and migration in Africa by providing user-centred climate services.",nutrition,Sustainable Food Systems and Nutritional Innovations
A non-inferiority randomized trial testing an advice of modeA non-inferiority randomized trial testing an advice of moderate drinking pattern versus advice on abstention on major disease and mortality,"Europeans are the largest alcohol consumers. Policymakers and clinicians are currently perplexed on how to reduce alcohol harms in drinkers, due to contradictory guidelines: abstention is proposed as the healthiest option by many health advocates, stating that “there is no safe level of alcohol intake”; but most nonrandomized studies found lower all-cause mortality and other outcomes in moderate drinkers than in abstainers among subjects >50 years. However, potential biases may compromise these latter studies, particularly when effects are null or moderate.",diabetes,"Innovative Vaccines, Antivirals, and Diagnostics Tools"
Imminent Disease Prediction and Prevention at the Environment Host Interface,"IMMEDIATE aims to investigate and explore the diet-microbiome-immunometabolism-axis as a sensor for health-to-disease transition and evaluate strategies to maintain an individuals well-being. Chronic inflammation is the major root of most diseases. Understanding of this process preceding organ dysfunction or damage and identification of biomarkers in the pre-symptomatic stage and risk but also resilience factors of health-to-disease transition will enable targeted and personalized interventions to prevent irreversible organ damage. Metabolites of gut microbiota are key messengers between diet, microbiota and host, maintaining the balance of pro- and anti-inflammation.",nutrition,Precision Medicine and Therapeutics for Gut Microbiome Disorders
Sustainability and HEalth as drivers of the rational design of fermentation processes: a novel prototype of Non-Alcoholic Beer,"Beer is the world’s most consumed alcoholic drink but its alcohol content has a negative impact on health. The consumption of non-alcoholic beer (NAB) has rocketed recently, driven by changes in manufacturing processes and a more health-conscious consumer base. In Europe, the market size is estimated in $22 billion (2022). Despite its potential for diet improvement, the impact of NAB on health has been barely investigated. Moreover, this expanded market is not reusing its by-products properly and generates considerable waste.",public health,Sustainable Food Systems and Nutritional Innovations
Smart Human-centred Effortless support for Professional clinical Applications,"SHERPA will empower interventional radiologists (IR), an overburdened group of specialists who use medical imaging and image-guided devices to perform complex, high-risk interventions. Since trust in technology is rooted in relationships – not in a technical specification or feature, AI-powered assistive technologies will be delivered as a seamless, trusted companion (a ‘sherpa’) across the workflow for two clinical domains (Neurology and Oncology), validated with IR and patients through seven clinical studies, and made available to other medical specialities through a framework methodology and outreach to the entire IR community.",vascular diseases,Multimodal Cancer Imaging and Diagnostics Technologies
The role of birds in sustainable urban subsistence at Teotihuacan Mexico,"Lessons from Mesoamerican cities are well-suited to address many problems with feeding urban populations today, as large cities thrived in this region in the absence of large, domesticated animals. While we know that residents of Teotihuacan consumed a plant-heavy diet, supplemented with wild animals harvested from local ecosystems and some husbandry of small animals, like turkeys, there are still many gaps in our understanding of Teotihuacan’s food production system. AviCulture tests two hypotheses to better our understanding sustainable food production in the city. 1. Residents practiced low-intensity husbandry of turkeys and quails at the household level. 2.",sustainable agriculture,Sustainable Food Systems and Nutritional Innovations
Late-stage clinical development of Chikungunya vaccines in endemic countries (CHIKV) and  Controlled Human Infection Models for SARS-CoV2 and other beta coronaviruses (CHIM).,"A Framework Partnership Agreement (FPA) between the Coalition for Epidemic Preparedness Innovations (CEPI) and the European Union (EU) was signed in April 2019, to finance and coordinate the development of new medical countermeasures to prevent and contain infectious disease epidemics, which are of particular concern to low- and middle-income countries. As part of the FPA, a call for proposals (CfP) was launched jointly with the EU and supported the preclinical development of Rift Valley Fever Virus vaccines and the late-stage development of Chikungunya virus vaccines (CHIKV).",virology,"Innovative Vaccines, Antivirals, and Diagnostics Tools"
"Abortion, Law and Nature","""The ALaN project brings together philosophy, gender studies and life sciences to question the impact of representations of nature on women's health and rights, starting from the specific case of abortion. The objective is to renew the philosophical approach to abortion, to enlighten the European public debate thanks to an interdisciplinary and intersectoral research. [1] Starting from a philosophical clarification of the notion of """"nature"""", it will question the representations of nature that underlie the debates on abortion in order to open up the possibility of a dialogue between Gender Studies and biomedical sciences.",family planning,"Digital, Social, and Policy Innovations in Health"
Personalized Drug Response: IMplementation and Evaluation in CKD,"Chronic Kidney Disease (CKD) is one of the major causes of death in high income countries and its prevalence is growing rapidly. New therapies for the treatment of CKD have shown clear efficacy at a population level. Yet, individual patients respond differently with many patients showing suboptimal efficacy. This indicates that a ‘one size fits all’ approach is no longer sustainable. Currently there are no validated pharmacodynamic biomarkers in CKD that aid in guiding optimal therapy for individual patients. Furthermore, there remains a large gap between biomarker research and actual implementation of biomarker based care in daily clinical practice.",personalized medicine,Chronic Kidney Disease and Organoids
Understanding vaccination hesitancy and evaluating single dose and gender-neutral vaccination for improving uptake of HPV vaccines in West and East Africa.,"Cervical cancer, caused by human papillomavirus (HPV), is almost entirely preventable through prophylactic HPV vaccination. Many countries have yet to implement HPV vaccination programmes or are struggling to achieve high vaccine coverage. This presents a major challenge for meeting the World Health Organisation (WHO) cervical cancer elimination target, with 90% of 15 year-old girls being vaccinated against HPV by 2030. Originally licenced as multidose vaccines, WHO has recently recommended that countries can offer a single HPV vaccine dose to 9-20 year olds.",epidemiology,"Innovative Vaccines, Antivirals, and Diagnostics Tools"
A precise and versatile nanotechnology with seed bio-stimulant microbial molecules to potentiate crop growth and immunization,"Seed germination is the first step of a sequence of events that promote the transit of seeds from dormancy to vegetative growth. Therefore, it is a tightly regulated program that ensures further plant growth and survival in a supportive environment. The emergency provoked by continuous deterioration of the environment due to non-respectful crop management strategies and potentiated with climate change has increased the focus on this primordial stage of the plant growth as a primary target of strategies that help mitigating unsustainable issues.",immunisation,Molecular and Ecological Plant Adaptation
Light-reconfigurable substrate for cell cultures,"L-Cell is a method for robust, reconfigurable control of surface topography, based on creating reversible light-induced surface structures onto azobenzene-containing bilayers. These light-reconfigurable substrates allow free-form topographical patterns to be created and subsequently erased over many cycles on a biocompatible cell culture substrate, even when the cells are already growing on the substrate. L-Cell aims at mimicking more closely the dynamic conditions in human body, which regulate many physiological and pathological processes, such as tissue morphogenesis, healing, and tumour growth. Our non-invasive solution is important for definition of chrono-programmes e.g.",planetary geology,Bone Bioprinting and Regenerative Implant Technologies
Addressing Critical Gaps in mpox epidemiology in DRC - The MOVIE and TRACE studies,"This proposal outlines two linked studies aimed at addressing the public health challenge of Mpox in the Democratic Republic of Congo (DRC). The MOVIE study focuses on understanding the kinetics of viral elimination shedding light on how MPXV interacts with host tissues and immune defences, which is crucial for developing containment strategies and potentially influencing endpoint selection in therapeutic trials.",epidemiology,"Innovative Vaccines, Antivirals, and Diagnostics Tools"
In-operando growth of organic mixed ionic-electronic conductors for brain-inspired electronics,"The development of advanced brain-computer interfaces, wearable and implantable bioelectronic devices, prosthetics, and soft robotics requires the ability to process signals in a highly individualized and localized manner. To achieve this, new materials and devices must be developed that can sense their surroundings, process information locally, and translate it into a format our body can interpret. Currently, (bio-)electronic devices rely on remote and energy-intensive cloud processing, but electronic devices that mimic the design of the human brain offer a solution.",robotics,Neuromodulation and Neurotechnology Therapies
How do people perceive the 15-minute neighbourhoods globally? Investigating public perception across developed and developing worlds,"Over recent years, the novel concept of the 15-minute city is gaining traction across Europe and beyond due to the numerous benefits that it can yield for local communities. Although it builds upon previous urban planning movements and ideas, repackaging them has contributed to extra attention when re-inventing the desired neighbourhood structure at this time of global resource constraints, climate change, vulnerable settlements, pandemics, and social exclusion. The concept promotes a proximity-based approach in neighbourhoods planning and design by which accessing daily needs for locals is guaranteed in a 15-minute walk/bicycle ride of their home.",pandemics,"Digital, Social, and Policy Innovations in Health"
"Early detection, molecular mechanisms and therapeutic interventions in chronic kidney disease","The objective of ELIMINATE-CKD is to demonstrate that combining measures of kidney structure and function will strongly enhance detection of chronic kidney disease (CKD). To reach this objective, I will develop a new method to quantify the number of nephrons, the smallest functional units in the kidney.Rationale:- CKD affects ~10% of the global population and causes 2.6 million deaths/year. CKD-associated costs (140 billion euros/year in Europe) exceed diabetes and cancer.",drug discovery,Chronic Kidney Disease and Organoids
Causes and consequences of aberrant mRNA translation in cancer,"Shortages in amino acids are weapons in the warfare between tumor cells and tumor-infiltrating lymphocytes. Tumor cells enhance or inhibit the production of key amino acid metabolites to stimulate oncogenesis and suppress anti-tumor activity. A key player in this battle is tryptophan. Activated T cells secrete interferon-γ, which upregulates IDO1 enzyme to catabolize tryptophan to kynurenine in target tumor cells. While kynurenine suppresses T-cell function, its production limits tryptophan availability in tumor cells. Importantly, as tumor cells almost invariably deregulate mRNA translation to promote proliferation and metastasis, the consequences of tryptophan shortage are major.",oncology,Cancer Immunotherapy and Tumor Biology
"Tracing Queer Citizenship over Time:  Ageing, ageism and age-related LGBTI+ politics in Europe","Sexual and gender diversity are constitutive elements of democratic societies which have been targeted by extreme-right populism and other anti-democratic forces. Taking queer citizenship as a set of criteria through which democracies can be evaluated, TRACE explores the extent to which the EU has influenced local political and socio-legal advancements in LGBTI+ rights, narratives and experiences over time.",democracy,"Digital, Social, and Policy Innovations in Health"
Deciphering the eccDNA inheritance with novel plant eccDNA genetic tools,"Enhancing plants’ natural innate and immune systems for the generation of primed plants that will better withstand stressors, can be an effective way to reduce losses in crop production. These systems are broadly defined under the plant transgenerational inheritance (TI) of stress memory, which is based on the heritability of attained traits caused by environmental conditions. I propose a new player in plant TI: the extrachromosomal circular DNA (eccDNA). EccDNA is recognized as a major source of genetic variation behind key adaptive traits.",DNA,Molecular and Ecological Plant Adaptation
Co-option of host circadian rhythms in cancer,"Circadian rhythms (CRs) are the biological response to the periodic rotations of the Earth, and allowfundamental adaptations of organisms to a changing environment. CRs are molecularly controlled in every cellby a set of transcriptional factors that control, and are influenced by, core biological processes includingmetabolic, immune, and proliferative.My previous studies established, for the first time, that innate immune cells regulate the circadian physiologyof tissues, including the susceptibility of the lung to be metastasized.",lung cancer,Cancer Immunotherapy and Tumor Biology
Unprecedented photolithographic structuring of novel light-sensitive poly(amino acid) materials– a paradigm shift in delivering biocompatible devices,"Photolitography, which produces geometrical structures through light-induced polymerisation of monomers with high accuracy, precision and spatial resolution, was a key innovation enabler in the drive for high-performance miniature electronics, which had an unprecedented impact on every aspect of our modern life. Geometrically well-defined microstructures could also be a game changer in the medical device industry, especially in the development of implantable devices with better tissue compatibility, as well as in the discovery of new drugs and treatments.",innovation management,Bone Bioprinting and Regenerative Implant Technologies
"Identification of novel diagnostic, predictive and therapeutic strategies in chronic kidney disease","Chronic Kidney Disease (CKD) represents an important medical, social and economic burden with high morbidity and mortality. The prevalence of CKD has reached >10% in the developed world, and CKD globally accounts for more years lived with disability than all neoplasms combined. Therapeutic strategies to treat CKD or tools for risk stratification of patients are limited and the field has produced the fewest translational randomized clinical trials in medicine while diagnosis is still based on invasive tissue biopsies. TargetCKD aims to establish a holistic understanding of cellular and molecular mechanisms that drive disease to develop novel diagnostic, predictive and therapeutic options.",mortality,Chronic Kidney Disease and Organoids
Mitochondrial antiviral signaling in Plants,"Rhizomania is one of the most economically devastating disease of sugar beet and is caused by Beet necrotic yellow vein virus (BNYVV). Emerging evidence indicates that mitochondria plays essential role in plant immunity and thus represents a promising target for the development of sustainable broad-spectrum disease resistance in crops. This project builds on the previous findings that BNYVV localize to mitochondria, and this occurrence is related to the assembly of the virus. Moreover, several nuclear genes encoding mitochondrial proteins appear to be repressed by a nuclear-localized BNYVV P25 virulence factor (Savenkov, unpublished).",virology,Molecular and Ecological Plant Adaptation
Precision biomarker based on digital pathology and artificial intelligence to guide fast and cost-effective personalized treatment decision support for colorectal cancer patients,"There is consensus in the oncology community that there is a large need for personalized cancer treatment decisions as patients suffer from large-scale overtreatment. Up to 90% of patients receiving adjuvant chemotherapy have no effect, many suffer severe side effects. DoMore Diagnostics (DoMore Dx) delivers pioneering diagnostics software that enables personalized cancer treatment in a simple and cost-efficient way. We provide deep learning algorithms applied to cancer tissue whole slide images (WSI) in the adjuvant chemotherapy setting. With end-to-end deep learning we have taken a completely new approach to this challenge.",software,Multimodal Cancer Imaging and Diagnostics Technologies
Does exposure to artificial light at night impacts immunity and microbiome in natural populations of an amphibian?,"The constant increase of urbanization and human activities worldwide is exposing animals and human to a multitude of stressful stimuli that disrupt physiological functions in organisms. A major source of pollution nowadays, that affect 99% of the european territory and thus almost every organism in Europe, is light pollution (or ALAN, Artificial Light at Night). Recent studies suggest that the immune function could be strongly disrupted by exposure to ALAN, but these results mostly comes from experimental studies conducted in laboratory conditions, and thus not realistic of real conditions of exposure to the light pollution.",immunology,Precision Medicine and Therapeutics for Gut Microbiome Disorders
T cell regulation by fed state bacterial metabolites,"Intestinal microbial communities expand the functional capabilities of the host via their metabolic attributes. From energy harvest to the production of vitamins, the gut microbiota shapes mammalian physiology and is often considered a postnatally developed “organ”. Yet, the microbiome poses a formidable challenge to the immune system: How can we host trillions of bacteria without mounting an inflammatory response? Gut immune homeostasis relies on the balanced action of suppressive and inflammatory T cell subsets. I discovered that bacterial metabolism of bile acids and dietary fibers promotes the differentiation of suppressive T cells.",biochemistry,Precision Medicine and Therapeutics for Gut Microbiome Disorders
Kidney Nephron Orientation in Vivo-like in Vitro,"KNOVV aims at directing nephron spatial orientation within renal organoids to mimic in vivo kidney development.Chronic kidney disease (CKD) is an increasing socio-economic burden, with 100 million people affected in Europe; available treatments are limited to dialysis and transplants. Tissue engineering and regenerative medicine (TERM) aims at developing in vivo–like organs, using in vitro three-dimensional (3D) systems as new therapies. Promising TERM therapies involving self-organized renal organoids from human induced pluripotent stem cells (hiPSC) are being investigated.",developmental biology,Chronic Kidney Disease and Organoids
Smart Sensor Analog Front-End powered by Emerging Reconfigurable Devices,Our main objective is the development of a reconfigurable platform to accommodate both for a generic sensor interface as well as a dedicated sensor transducer element. The tunable analog front-end (AFE) interface should be enabled at the fine-grain level by emerging reconfigurable field effect transistor (RFET) and negative differential resistance (NDR) transistor technologies that provide co-integration capabilities with European 22nm CMOS processing technologies allowing for a More-than-Moore sensor technology approach.,optical sensors,Multimodal Cancer Imaging and Diagnostics Technologies
Bidirectional remote deep brain control with magnetic anisotropic nanomaterials,"The emergence of a new era in neuromodulation is led by the intriguing potential of functional materials to replace or control neural activity. The ability to simultaneously analyse neural activity offers the potential to translate signals into a feedback loop for intuitive therapy or even to replace lost neurological functions. However, neuromodulation and recording in the deep brain commonly relies on chronic implantation of macroscale hardware with numerous safety concerns and often suffers from poor spatiotemporal resolution.BRAINMASTER will demonstrate scalable, wireless, minimally invasive neuromodulation relying on forces transformed to mechanosensory neurons by magnetic nanodiscs...",alzheimer,Neuromodulation and Neurotechnology Therapies
The Cartography of the Political Novel in Europe,"The project sets out to examine how people in different national and cultural contexts engage with contemporary political issues and thereby have their share in shaping European societies and politics in the 21st century. This is done through the prism of an extraordinary aesthetic and social phenomenon that we call the political novel in Europe (or PNE), which is gaining prominence not only in strictly delimited literary circles but in European societies at large. Given this new relevance of political writing, CAPONEU’s goal is to assess the political novel as an important element of the European cultural heritage and as a tool for community building and European advocacy.",history,"Digital, Social, and Policy Innovations in Health"
Co-produced transformative knowledge to accelerate change for biodiversity,"Food and biomass production systems are among the most prominent drivers of biodiversity loss worldwide. Halting and reversing the loss of biodiversity therefore requires transformative change of food and biomass systems, addressing the nexus of agricultural production, processing and transport, retailing, consumer preferences and diets, as well as investment, climate action and ecosystem conservation and restoration. The RAINFOREST project will contribute to enabling, upscaling and accelerating transformative change to reduce biodiversity impacts of major food and biomass value chains.",governance,Sustainable Food Systems and Nutritional Innovations
Redesigning aortic endograft: enabling in-situ personalized aneurysm healing,"Forty years ago, the endograft (EG) enabled the endovascular treatment of aortic aneurysm (AoA) and revolutionized vascular surgery. Still, since then, its technological concept has remained substantially unchanged: EG is a passive device aimed at treating the AoA in its late stage, not to cure the disease, even when discovered early. This proposal introduces a bio-engineered process to redesign EGs as 3D bio-printed, bioresorbable devices loaded with active drug components and validated in-vitro to enable the paradigm shift: from end-stage treatment to early personalized healing.To this aim, EPEIUS must tackle three open challenges: 1) available (animal) models often fail to predict human...",surgery,Bone Bioprinting and Regenerative Implant Technologies
SmartFuse: Game-changer to create a new gold-standard for spinal fusion surgery with wirelessly technology,"Spinal surgery has a significant failure rate of 18% leading to devastating complications for patients. With the knowledge that bone remodels naturally using electric signals, we are transferring cutting edge neuromodulation technology into the orthopaedic field. We incorporate our proprietary, wirelessly powered bio-electrical stimulation system into standard orthopaedic implants. Our first product, SmartFuse, addresses the issues of non-union and bone overgrowth in spinal fusion surgery by harnessing the local delivery of electrical stimulation to accelerate bone growth and control the formation of new bone.",surgery,Bone Bioprinting and Regenerative Implant Technologies
Gene-Independent Combination Therapy for Rod-Cone Dystrophy,"Rod-cone dystrophies are inherited retinal diseases whose clinical course begin with the degeneration of rod photoreceptors and evolve with the progressive loss of cones that, in turn, leads to complete blindness. These diseases affect 1:2500 individuals worldwide with many underlying gene defects. Although gene replacement therapy has been very successful in treating inherited retinal degenerations in the clinic, with one FDA approved product on the market and over 30 clinical trials, it is costly and time consuming to develop a gene replacement therapy for each mutation.",gene therapy,Retinal and Ocular Disease Mechanisms and Therapies
Dissection of the host-microbe crosstalk that controls metabolism and physiology in intestinal symbiosis,"Intestinal bacteria have been associated with the most diverse aspects of our physiology, and large efforts are being undertaken to determine how the metabolic repertoire of the microbiome impacts host nutrition and health. These efforts, however, face major obstacles. First, we have a very poor understanding of how bacterial metabolism is regulated in the different sections of the gastrointestinal tract. It is also becoming increasingly clear that symbionts support their hosts by means that extend beyond the provision of nutrients, and these effects can hardly be predicted from metagenomic analyses.",bacteriology,Precision Medicine and Therapeutics for Gut Microbiome Disorders
Postbiotic Restoration Of the Metabolome Of Moms,"Microbial dysbiosis can lead to behavioral changes including aggressive behavior. Mice treated with antibiotics exhibit increased aggression, as do offspring of mothers given antibiotics only during pregnancy or alternatively only when nursing. Promising results from our lab in flies and mice support our hypothesis that such behaviors are partially affected by gut bacteria and associated metabolic compounds. Pregnancy is associated with reduced immune function and women receive antibiotics during this period for a myriad of reasons. Preclinical trials and clinical research suggest strong effects of these treatments on offspring.",nursing,Precision Medicine and Therapeutics for Gut Microbiome Disorders
"Expanding a prospective, clinical trial examining the immune response of participants receiving Modified Vaccinia Ankara vaccine to Africa.","The current Mpox outbreak affecting the Democratic Republic of the Congo, ongoing since 2023, has resulted in more than 19,000 causes and over 1,000 deaths, with women accounting for more than half of those affected. The previous global Mpox outbreak in 2022 was alleviated in part with use of preventive vaccination using modified vaccina Ankara (MVA) vaccine. However, whether this vaccine induces sufficient immune responses in women and those with immunosuppression, which is common in affected areas, and how long vaccine-induced immunity lasts is not well defined.",vaccines,"Innovative Vaccines, Antivirals, and Diagnostics Tools"
IDENTIfication and tracking of cancer-prone cells in KIdney Tubules,"Understanding what makes our cells prone to develop cancer is key for identifying effective strategies of tumor prevention. By analyzing the genome of normal human cells, I obtained compelling evidence that the pattern of somatic mutations can be used to identify the cell-of-origin of kidney cancer. Although every cell accumulates somatic mutations during a lifetime, some are exposed to a specific mutational process that leave a detectable mark in their genome. Kidney cancers and their cell-of-origin show the same genetic mark, consisting of excess somatic point mutations with unique characteristics and unknown origin.",DNA,Chronic Kidney Disease and Organoids
Automated retinal scans for early detection of diabetic eye diseases through use of artificial intelligence,"Oivi provides affordable eye care for all and prevent unnecessary blindness by providing a low-cost camera for retinal (fundus) photography, with fully automated image capture and diagnostics. Oivi is a point-of-care device for eye screening of diabetic retinopathy (DR). DR affects >160 M people worldwide and is the most common cause of blindness among working-age adults. Yet, early detection can successfully prevent vision-loss in 95% of the cases. Current solutions for DR screening are expensive and require extensive training that limits accessibility to patients, especially in developing countries.",optical sensors,Retinal and Ocular Disease Mechanisms and Therapies
MYokinetic Towards Innovation,"MYTI - MYokinetic Towards Innovation, aims at boosting the clinical translation of the technology developed within the ERC funded project MYKI - A Bidirectional MyoKinetic Implanted Interface for Natural Control of Artificial Limbs. Core of the project is an innovative human-machine-interface for the control of upper-limb prostheses, which relies on a multitude of permanent magnets implanted within the residual muscles.",coating and films,Multimodal Cancer Imaging and Diagnostics Technologies
Cataract Simulator Diagnostics Device Development Using Computational Holographic Displays,"Cataracts are the most prevalent blinding disease in the world. Surgery is the only option for Cataracts and it is the most frequently performed surgery worldwide. However, how the patient will see after surgery and what type of replacement intraocular lens (IOL) is the best option cannot be known. In this project, computational holography, which can control phase, size and shape of the light beam entering through the eye-pupil, will be utilized to develop a holographic vision simulator for cataract patients. This will be the first cataract simulator for in-vivo testing of multifocal IOLs. We'll develop and perform clinical studies of the novel instrument on patients.",surgery,Retinal and Ocular Disease Mechanisms and Therapies
Foundation models for molecular diagnostics - machine learning with biological ‘common sense’,"Molecular diagnostics is crucial in fulfilling the promise of personalized medicine. While we are amidst an AI revolution, current machine learning models (ML) struggle to effectively learn from molecular (‘omics’) patient profiles and fail to make robust predictions. Perhaps this is not a surprise. After all, molecular disease biology is immensely complex, and we ask ML models to predict such complicated things as patient prognosis, without them ‘knowing’ anything about molecular biology and based on limited training data.",knowledge engineering,Multimodal Cancer Imaging and Diagnostics Technologies
Linker molecules convert commercial fluorophores into tailored functional probes during biolabeling,"Fluorescence techniques are indispensable tools at the heart of basic research, medical diagnostics, cancer research, personalized medicine and drug screening. Their merits are not limited by physical instrumentation, but by the performance and properties of the employed fluorescent probes. All commercially available fluorophores – with a market potential of 2 billion € per year and an annual growth rate of ~8% – suffer from three fundamental problems: (i) Phototoxicity and poor signal quality, (ii) requirement for functional properties such as blinking emission, sensor capabilities or high photostability, and (iii) their limitations to be used in more than one specific application, e.g.,...",DNA,Multimodal Cancer Imaging and Diagnostics Technologies
Tablet Games for Early Detection and Intervention of Developmental Dyscalculia,"The ultimate goal of the project is to provide a screening and rehabilitation method for the early detection and treatment of developmental dyscalculia (DD), in the form of an entertaining, tablet-based gaming environment. DD is a common learning disability and severely impacts personal and professional development throughout the lifespan. Early diagnosis and interventions increase the possibilities for people with DD to live an independent and productive life. Children with DD have difficulties to map numbers representation into space (in contrast, typically developing children understanding of numerical concepts is facilitated by spatial mapping of numbers).",physiotherapy,"Digital, Social, and Policy Innovations in Health"
Unveiling the role of histone marks in metabolic memory storage and transmission.,"Type 2 diabetes (T2D) is a multifactorial disease affecting over 450 million people in Europe alone, amounting to the burden of life-threatening diseases and worsening quality of life. Skeletal muscle is affected early in T2D and contributes to the fast decline of whole-body glucose homeostasis, which is called insulin resistance. Interestingly, even when isolated from the body and cultured in a laboratory in non-diabetogenic conditions, the skeletal muscle cells do not lose the characteristics of the donor, i.e., the cells remain insulin resistant, indicating the existence of a cell-autonomous mechanism that retains the metabolic memory across generations of cells.",diabetes,Diabetes Monitoring and Hormonal Regulation Methods
The critical shift to single-cell formats in functional analyses of living cells,"The incredible potential of cell and immune therapy (CIT) is limited by technical challenges related to the standard analysis of immune cells in bulk, which neglects their heterogeneity. Single-cell functional resolution is essential to understand the full potential of immune cells. Current single-cell technologies are limited, low-throughput, high-cost and lack robustness, prohibitive for their implementation in CIT R&D, manufacturing and patient stratification. Samplix is developing Xplore, an all-in-one multiparameter single-cell analyser and sorter for screening, selection and expansion of immune cells based on functionality and potency.",oncology,Cancer Immunotherapy and Tumor Biology
"Myopia control in the real world: treatments, target, timing, and terminus","Background: Myopia, or near-sightedness, is increasing dramatically all over the world, mostly due to higher levels of education and changing lifestyles of young generations. The expectation is that half of the world’s citizens will be myopic by 2050. Myopia-related complications later in life are a serious threat to vision and will increase the rates of blindness. Prevention strategies and pharmacological and optical treatments to delay progression of myopia in childhood are emerging, but most eye care professionals still do not control myopia due to inadequate information and unpredictable outcomes.",public health,Retinal and Ocular Disease Mechanisms and Therapies
Intestinal Gluconeogenesis: Emerging Regulator of Energy Homeostasis,"Obesity and type 2 diabetes continuously progress worldwide, compromising healthy aging. Deregulated endogenous glucose production (EGP) is involved in hyperglycemia and its complications. Among the 3 organs (liver, kidney, intestine) contributing to EGP, I uncovered with my team that intestinal gluconeogenesis (IGN) has the capacity to interfere in the control of energy homeostasis. Indeed, intestinal glucose initiates a gut-brain circuit controlling both body weight and glucose production by the liver, the strongest quantitative contributor to EGP. Intestinal gluconeogenesis is, thus, a novel target to control obesity and diabetes.",biomolecules,Diabetes Monitoring and Hormonal Regulation Methods
Nanocarriers Optimization for Periocular Drug Delivery to the Retina,"The incidence of chronic vision-impairing retinal diseases is increasing due to population ageing. Monthly intraocular injections are the standard of care, despite the important risks (e.g., infection and haemorrhage) associated with this practice. A promising alternative is the periocular injection of nanocarriers, which are able to enhance the permeability across the ocular membranes. However, as periocular administration relies on the drug transport mechanisms in the tissues to reach the target, animal tests are generally needed for a prediction of drug distribution after the injection.The researcher aims at the development of an ex vivo model of a whole porcine eye which will constitute...",ophthalmology,Retinal and Ocular Disease Mechanisms and Therapies
Total Optical Coherence Characterization for Automated Tumor Analysis,"Drug resistance, whether intrinsic or acquired during the course of treatment, is the primary cause of cancer treatment failure. Resistance is a complex and highly personalized problem, depending on tumor-specific, genetic, and other factors, but certain cancers are particularly difficult to treat. In particular, the most common and deadliest type of cancer originating in the brain, glioblastoma (GBM), is aggressive and highly resistant to treatment. Due to the complex nature of GBM, advanced methods for screening personalized treatment strategies are critically needed to improve patient outcomes.",oncology,Cancer Immunotherapy and Tumor Biology
Development of functional fish feed based on bioactive compounds of marine and herbal origin.,"FEEDACTIV focuses on the development of innovative aquaculture feed based on natural bioactive compounds that boost the immune system of farmed fish. Various species of marine microalgae as well as seaweed and land based herbal plants are going to be used as enrichment of the fish feed and hopefully as partial fishmeal substitution with low cost ingredients. The use of natural compounds, polyunsaturated fatty acids (ω-3, ω-6 and ω-7), phenols, carotenoids and protein from marine and land based flora, aims to improve the breeding and quality of farmed species while drastically reducing the annual cost of the aquaculture companies by focusing on the processes that boost the immune system of...",marine biology,Sustainable Food Systems and Nutritional Innovations
I(eye)-SCREEN: A real-world AI-based infrastructure for screening and prediction of progression in age-related macular degeneration (AMD) providing accessible shared care,"The aim of I(eye)-Screen is to develop an artificial intelligence (AI)-based diagnostic decision support system for screening and monitoring of age-related macular degeneration (AMD) at an early stage before vision loss occurs.  Late AMD is the leading cause of legal blindness >50 years with 110 mio individuals at risk. The multidisciplinary consortium brings together a network of clinical retina experts, computer scientists working at the cutting edge of AI development, an infrastructure of community-based opticians/optometrists and an SME experienced in digital platform performance to develop innovative and trustworthy AI tools for broad, real-time AMD screening and monitoring via a...",ophthalmology,Retinal and Ocular Disease Mechanisms and Therapies
"NEurological MEchanismS of Injury, and Sleep-like  cellular dynamics","Focal brain disorders, including stroke, trauma, and epilepsy, are the main causes of disability and loss of productivity in the world, and carry a cumulative cost in Europe of about 500 billion euro/year. Now, physicians diagnose and treat these conditions as if they were caused by local dysfunction due to the pathological process. However, there is growing evidence that, in most neurological and psychiatric disorders, clinical symptoms reflect widespread network abnormalities. Normalization of such network abnormalities through “circuit-based” stimulation would therefore improve function.",epilepsy,Neuromodulation and Neurotechnology Therapies
Study on the Biomechanical Mechanism of Patient-Orthosis Interaction Based on Subject-Specific Patient-Orthosis Coupling Musculoskeletal Model,"Knee osteoarthritis (KOA) is a prevalent, chronic, degenerative, and multifactorial disease associated with pain, stiffness, and physical disability,  and it is a significant public health problem in the world. Abnormal load distribution between knee medial and lateral compartments has been designated as the main biomechanical factor for the initiation and progression of KOA. Accurate quantification of internal knee contact force during daily living activities is significant for understanding the biomechanical mechanism of patient-orthosis interaction and improving the treatment with knee orthotics.",public health,Bone Bioprinting and Regenerative Implant Technologies
Unraveling the Supramolecular Architecture of Molecular Machineries in Adaptive Immunity,"To combat daily threats of pathogens and abnormal cells, the human organism features a sophisticated defense mechanism called the adaptive immune system. In broad terms, this intricate mechanism is triggered by specific peptide epitopes presented on molecules of the major histocompatibility complex class I (MHC I), which are scanned by cytotoxic T cells. Intracellular transport, loading, and cell-surface recognition of antigenic peptides on MHC I are orchestrated by machineries, the peptide-loading complex (PLC) and the T cell receptor (TCR) complex.",biomolecules,Cancer Immunotherapy and Tumor Biology
Operationalising the International Research Cooperation on Soil Carbon,"To reach the targets of the Paris Agreement commitments for land degradation neutrality, for biodiversity, and to support the EU Green Deal, Europe needs to join its research and innovation forces on soil carbon with those around the globe in a coordinated manner. To scale up efforts for conserving and increasing soil carbon stocks and harness the co-benefits for climate change mitigation and adaptation, soil health and food security international coordination of research efforts is essential.",edaphology,Sustainable Food Systems and Nutritional Innovations
Integrated AI-Driven Systems For Kidney Transplant Precision Medicine (AI-Care),"Despite considerable improvements in short-term allograft and patient survival in kidney transplantation in the past two decades, long-term graft survival remains low, with 20% of transplants failing within five years. Rejection remains a leading cause of graft loss, with immediate consequences for patient morbidity and mortality, posing a major burden on healthcare systems. Increased allograft longevity requires improved patient monitoring and rejection risk stratification using mechanistically informed, non-invasive biomarker strategies and precision diagnostics. The main limitation for such an endeavor is the lack of deeply phenotyped cohorts.",mortality,Chronic Kidney Disease and Organoids
Epigenetic regulation of host factors in viral infections (EPIVINF),"The EPIVINF project aims to gain a deep understanding of how acute viral infections alter the epigenetic regulation of host factors that are critical for immune control and neurological health.  In particular, EPIVINF will address how acute viral infections impact epigenetic control of host proteins that drive virus-associated disease and/or are involved in the antiviral immune response and how such persistent, epigenetic marks are related to long-term disease evolution.",immunology,"Innovative Vaccines, Antivirals, and Diagnostics Tools"
Auto-adaptive Neuromorphic Brain Machine Interface: toward fully embedded neuroprosthetics,"Nearly 746,000 people sustain a spinal cord injury every year, with dramatic human, societal and economical cost, leading to impairment or even complete loss of motor functions. Motor Brain-Machine Interfaces (BMIs) translate brain neural signals into commands to external effectors. BMIs raise hopes that limb mobility may be restored, providing patients with control over orthoses, prostheses, or over their own limbs using electrical stimulation. In spite of spectacular results, taking neuroprosthetics into daily practice has proven difficult.",implants,Neuromodulation and Neurotechnology Therapies
Edible Soft Matter,"Food and environmental transitions are worldwide major challenges as illustrated by the Farm to Fork Strategy, at the heart of the EU Green Deal, and by the United Nations Development Goals. Sustainable and healthy food requires an urgent shift from a diet rich in animal-based ingredients towards a diet enriched in plant-based ingredients. This is the challenge behind the Edible Soft Matter (ESM) project. Soft matter science has been tremendously successful in tackling complex problems involving multicomponent materials with a wide range of length and time scales and is now recognised as providing unique perspectives to understand the complexity of foods and to design new foods.",soft matter physics,Sustainable Food Systems and Nutritional Innovations
Injectable nanoelectrodes for wireless and minimally invasive neural stimulation,"Neural devices used in the brain and spinal cord have yielded medical breakthroughs to improve the lives of people with spinal cord injury, Parkinson’s disease, and hearing loss. However, current neural devices are large, complex, and invasive, and are therefore used by only a fraction of people who could benefit from them. Instead, I want to make neural devices that are nanoscale, injectable, and wireless. By lowering invasiveness and implantation risk, this technology could address the unmet medical needs of more people with neurological impairments.",nano-materials,Neuromodulation and Neurotechnology Therapies
A 21st century approach to study chytrid fungal infections in an amphibian hybrid zone,"World-wide declines in amphibian populations have led to many local and global extinctions, and are connected to the global spread chytrid fungus (Bd). Because few animals survive infection, Bd poses a strong selection pressure in infected populations. Hybrid zones, where two species meet and reproduce, are an ideal setting for research on adaptation, as different combinations of gene variants are  tested. However, two contrasting hypotheses exist on the role of hybridisation in infection resistance. Genetic incompatibilities between diverging populations limit gene flow between closely related species, and cause lower fitness in hybrids.",infectious diseases,Molecular and Ecological Plant Adaptation
A road to remember: Neural plasticity through the lens of gut-brain interactions,"The fact that the brain is influenced by the microorganisms that make up the gut microbiome substantially widens the scope of how we need to view human neurocognition and behaviour. However, a clear understanding of underlying mechanisms is scant and mainly grounded in animal work. This proposal aims at major contributions towards overcoming these limitations. The core hypothesis is that gut bacteria are key in shaping neural plasticity, and in this way, influence human memory abilities. Changes in gut microbial signalling may contribute to altered neurocognition in individuals who are genetically predisposed to Alzheimer’s disease.",cognitive neuroscience,Precision Medicine and Therapeutics for Gut Microbiome Disorders
"Lassie: The first-ever painless breath analyser for people with diabetes, a breakthrough in blood glucose monitoring","Today, dogs are used to detect high and low blood glucose, cancers and are tested for coronavirus.The new Lassie breath analyser BOYDSense will put the power of a dogs nose into peoples hands and give them access to gentle health monitoring.Lassie starts with diabetes as it is an immense burden for 40 million people in Europe. Current glucose monitoring technologies are underused because they are highly invasive, expensive, stigmatising and generate a lot of waste.Lassie will transform this situation by making measurements painless, simple, discreet and cost-effective without any consumables.",domestic animals,Diabetes Monitoring and Hormonal Regulation Methods
Janus Graphene supported Single atom catalysts for ultrasensitive cytokine point of care sensors,"Cytokines, such as TNF-α, hold immense significance as protein biomarkers, pivotal for diagnostic, prognostic, and therapeutic management across various clinical disorders like Alzheimer’s disease, sepsis, and cancer. Nonetheless, prevailing techniques like enzyme-linked immunosorbent assay (ELISA) and Polymerase Chain Reaction (PCR) prove to be expensive, time-intensive, and reliant on specialized personnel, intricate instrumentation, and infrastructure. Furthermore, the performance of present biosensing techniques necessitates refinements in terms of real-time outcomes, sensitivity, affordability, and user-friendliness.",alzheimer,Multimodal Cancer Imaging and Diagnostics Technologies
Phytoplankton photosynthesis and physiology under P limitation within a context of diversity,"Aquatic ecosystems offer a wide range of ecosystem services (e.g., climate regulation, carbon sequestration, water treatment, and fisheries). In these ecosystems, Nitrogen (N) and Phosphorus (P) cycles have been modified, leading to an increase in nutrient concentration and changes in the stoichiometry of the element. In marine systems, dissolved N and P are, on average, present in an overall stoichiometry balance called the Redfield ratio (N:P=16). The skewness of stoichiometry is exacerbated by a general effort of countries to reverse eutrophication by reducing only P using water treatment plants.",fisheries,Molecular and Ecological Plant Adaptation
Large-scale and wide-band brain dynamics mediating memory consolidation in the freely moving rat,"Dementia is a major healthcare challenge worldwide due to its high incidence and its strong impact on the life quality of patients and on society as a whole. Development of treatments for the mitigation of memory impairment in patients with dementia has proven very challenging, partly due to our limited understanding of the underlying mechanisms of memory consolidation. Memory consolidation is mediated by communication between large-scale networks in the brain, particularly the hippocampal formation and neocortical circuits, coordinated by synchronous oscillatory dynamics, as shown in both humans and animal models during the resting state.",neurobiology,Neuromodulation and Neurotechnology Therapies
Sex determination genes as a toolbox for F1 hybrid seed  production and yield increase,"The food security on the planet is still a challenge. Experts predict that we will need to double food production in order to feed a population projected to reach 9,2 billion by 2050. Crop improvement should not only focus on species such as maize, wheat and soybean. Many other crops contribute to food security. The Cucurbitaceae family is positioned in front list of plant families for the number of species used as human food and for cultural, medicinal, and botanical significance.",planets,Molecular and Ecological Plant Adaptation
Revolutionizing diabetes management by combining in silico models and AI control for vagus neuroprostheses,"Diabetes is a major world health problem, approaching epidemic proportions and causing long term health damages due to inappropriate blood glucose regulation. Pharmacological therapies are limited by numerous side effects (as renal insufficiency or heart failure) and dose management issues. Their efficacy is also hindered by often problematic, patients’ compliance. This results in an unmet need for automatized, closed-loop glucose metabolism regulation, adaptable to variable patients’ conditions. Vagus nerve (VN) is a major component of the autonomous nervous system innervating internal organs, and its electrical stimulation showed preliminary results in modulating glucose metabolism.",diabetes,Diabetes Monitoring and Hormonal Regulation Methods
Vesicular mechanisms of carbon fixation in calcifying cells of marine animals,"The process of biomineralization has profound impacts on the geology of our planet and is an integral part of the global carbon cycle by generating large amounts of CaCO3 bound in coral reefs, chalk mountains and deep sea sediments. Mounting evidence demonstrate that many marine calcifiers generate biominerals by the intracellular formation of CaCO3 from seawater Ca2+ and metabolic CO2. To date, the underlying mechanisms that control the carbonate chemistry in calcifying vesicles are unknown which however will provide ground-breaking insights into a biological process that is capable of transforming a metabolic waste product - CO2 - into a versatile construction material.",inorganic compounds,Molecular and Ecological Plant Adaptation
Social Prescribing to promote and improve access to health and care services for people in vulnerable situations in Europe,Social Prescribing (SP) is an innovative solution to bridging the gap between primary health care and non-clinical supports and services within the community. SP enables general practitioners who identify health-related social problems to refer patients to a so-called link worker. The link worker provides personalized support and helps these patients to access community resources by addressing any barriers that may exist. SP is an approach to integrate health and social care and strengthen community orientation. SP thereby mitigates the effects of social determinants of health on health outcomes.,health care sciences,"Digital, Social, and Policy Innovations in Health"
mRNA localization and spatial heterogeneity of translation: Deciphering the code within mRNP composition,"mRNAs are packed with RNA binding proteins (RBPs) to assemble the messenger ribonucleoprotein particles (mRNPs). Proper mRNP biogenesis, export, localization, translation, and decay are central for gene expression regulation. Each step requires specific RBPs mediating transcript interactions with the cellular machinery. So far, hundreds of RBPs have been identified begging the question of mRNP assembly diversity. While canonical RBPs are associated with all transcripts, some may be accessory, concurrent, and specific for subclasses of mRNAs. What finetunes mRNP compositions is not clear and understanding how specific mRNP compositions control mRNA fate is a major challenge for RNA biology.",proteins,Cancer Immunotherapy and Tumor Biology
Development and validation of a framework using multiple sources of real-world data to assess the benefit-risk balance of advanced therapies in inflammatory bowel disease,"Assessing the benefit-risk balance of treatment is crucial in medicine to select the most appropriate treatment for patients. This process faces major challenges, how to implement evidence in real time to guide treatment choice and how to summarize efficacy and safety outcomes to patients and clinicians, while incorporating patient preferences. Inflammatory bowel diseases (IBD) affect 3 million residents in Europe. New advanced therapies have been recently approved, but in the absence of head-to-head randomized controlled trials (RCT), data are lacking to position each drug in the therapeutic management.",artificial intelligence,Precision Medicine and Therapeutics for Gut Microbiome Disorders
Minimally invasive reliAble Glucose monitoring in Intensive Care,"""9 of 10 intensive care unit (ICU) patients get elevated glucose levels because of their critical illness. Clinical trials prove that better glucose control could save thousands of lives and millions of euros for hospitals. Surprisingly, no continuous glucose monitor (CGM) is available for ICU patients, as solutions developed for diabetics don't work in the ICU.GlucoSet has a novel, patented technology for glucose monitoring. This enables - for the first time - reliable, minimally invasive, real-time monitoring of glucose in ICU patients. 4 of 5 EU ICU physicians say our product would be """"very valuable"""" in their ICU and believe it will improve outcomes in their ICU.",critical care medicine,Diabetes Monitoring and Hormonal Regulation Methods
Targeting Acute Leukemia with TdT-TCR-T-cell therapy,"The aim of this PoC project is to commercialize new therapy for acute lymphoblastic leukemia (ALL) developed in context of my ERC consolidator grant. T-cell receptors (TCRs) have in recent years emerged as promising therapeutic molecules in cell- and gene-therapy of cancer. I have completed the pre-clinical validation of a TCR that recognizes an HLA-bound peptide from a novel target, the nuclear enzyme terminal deoxynucleotidyl transferase (TdT-TCR). In vitro and in vivo data from four different mouse models show eradication of ALL and no indications of toxicity.",stem cells,Cancer Immunotherapy and Tumor Biology
Endothelial metabolism dictates the bone marrow niche and the plaque microenvironment,"Inflammation is an important driver of atherosclerosis, the primary cause of global morbidity and mortality in emerging and developed countries. New strategies to reduce atherosclerotic cardiovascular disease (CVD) risk are therefore eagerly needed. I recently found that atherogenic inflammatory stimuli rewire cellular metabolism in endothelial cells (ECs) and thereby contribute to atherosclerosis progression. Defining the intricate link between EC inflammation, metabolic rewiring and functional consequences for the vasculature will open new avenues for therapeutic strategies in CVD. My recent work shows that CVD-associated metabolic changes in ECs can affect their secretome.",mortality,Bone Bioprinting and Regenerative Implant Technologies
Serotoninergic Regulation of Body Axis Morphology,"Idiopatic scoliosis (IS) is a human pathology that affects 1-4% of adolescents worldwide, who suffer from spine deformities for which an effective treatment is not currently available. At present, evidence for genetic causes of IS exist, but the aetiology of this pathology is still not understood. The zebrafish is a powerful organism to model human pathologies that entail body axis misalignment as, by swimming in a viscous liquid, its spine is subject to forces similar to the ones acting on the spine in bipedal position. One essential player in the establishment of embryonic zebrafish longitudinal axis is the Reissner Fibre (RF).",proteins,Cancer Immunotherapy and Tumor Biology
Disruption of Mucin Glycosylation and Mucus Barrier Function in Response to a Western-Style Diet,"In the healthy intestines, mucus acts as a barrier that separates the host epithelium from the microbiota and intestinal contents, as well as a habitat for commensal microbes. The major component of intestinal mucus, MUC2, is heavily O-glycosylated. Mucin O-glycans are critical for mucus barrier function and host-microbe interactions. Alterations to mucin glycosylation have been associated with diseases such as inflammatory bowel disease and cancer, and represent a novel target for therapeutic intervention.",fibers,Precision Medicine and Therapeutics for Gut Microbiome Disorders
Improving Kidney Health by Targeting  Urinary Biomarkers for Tubular Function,"Chronic kidney disease (CKD) affects one in ten people worldwide and is often progressive. Progressive CKD not only causes kidney failure, but also premature aging, cardiovascular disease, and loss of quality of life. Currently, progressive CKD can only be diagnosed after irreversible damage to the kidney has already occurred. There is therefore an urgent need for earlier biomarkers. The kidney consists of filters and tubules, but diagnosis of progressive CKD is currently based on filter function alone. This is surprising, as it is tubular injury that drives CKD progression, and it is the tubule that is targeted by recently developed kidney-protective treatments.",cell biology,Chronic Kidney Disease and Organoids
New Micro-extrusion Advanced Technology for plant-based whole-cut meat substitutes,"Due to the current overpopulation, climate change and aggressive animal farming problems, there is an urgent need for the next generation of alternative proteins meat. Based on tissue engineering, food science and 3D printing, NOVAMEAT has developed a micro-extrusion process that can bio-hack the native 3D network structure of molecules of plant origin creating the microstructure and anisotropic morphology like that of traditional animal meat in a cost-efficient and highly scalable manner. NOVAMEAT´s advanced and unique technology.",tissue engineering,Sustainable Food Systems and Nutritional Innovations
Identification of long-term therapeutic strategy in IgE-mediated allergy by leveraging humanized models and patient samples,"IgE is a key driver of allergic diseases, which affect approximately one-third of the world’s population. Monoclonal antibodies (mAbs) targeting IgE are approved for the treatment of allergic asthma, and show clinical benefit in a number of other allergic diseases. Yet, a sizable portion of patients do not respond to the drug despite high levels of IgE. There is a clear need to better define which allergy features depend (or not) on IgE, and to find predictive biomarkers in order to identify patients who will benefit from anti-IgE therapy. In addition, use of anti-IgE mAbs is limited by very high cost and the need to perform frequent reinfusion to maintain clinical efficiency.",asthma,"Innovative Vaccines, Antivirals, and Diagnostics Tools"
ENgineered CArtilage from Nose for the Treatment of Osteoarthritis (ENCANTO),"Knee osteoarthritis (OA) is one of the most common causes of pain and disability, affecting over 500 million people worldwide. The tremendous socio-economic burden caused by OA is expected to further increase due to rising life expectancy and obesity. Current therapeutic approaches are limited to pain management or knee arthroplasty, but no disease-modifying or regenerative treatment is available.ENCANTO will address this major unmet clinical need by clinically introducing a combined ATMP for the biological reconstruction of the degenerated joint facet in patellofemoral OA (PFOA).",surgery,Bone Bioprinting and Regenerative Implant Technologies
Unobtrusive Continuous Multi-Metabolite Monitoring for a Physiological Care of Insulin-treated Diabetes,"It will be a radically new approach for long-term continuous monitoring of insulin-treated persons with diabetes (ITD) moving from a glucose-only to a multi-metabolite monitoring - glucose, lactate and 3 ß OH-butyrate– paradigm. Multi-metabolite monitoring will also lead to a diabetes therapy breakthrough by algorithmically driving a continuous physiologic insulin delivery by a maintenance-free implanted MEMS pump using the peritoneal route enabling an optimal therapy for subjects with ITD.Our vision is a fully implantable artificial organ to replace insulin secretion loss by targeting metabolic health instead of mere glucose control and mimicking physiological insulin action.",mortality,Diabetes Monitoring and Hormonal Regulation Methods
"Diabetes, obesity and the Kidney","Chronic kidney disease is a major cause of morbidity and mortality in the EU. About 10-15% of the EU population has chronic kidney disease (CKD) and this number is expected to increase in the future decades.   Diabetes is today the main cause of CKD in the EU: about, 30% of the cases with dialysis treatment in the EU have diabetes. Also, we are facing a pandemic of overweight and obesity in the EU. Overweight and obesity are increasing at a rapid rate in most of the EU Member States, with estimates indicating that of 52.7 % of the adult (aged 18 and over) EU’s population had overweight.    Of relevance, obese patients with metabolic syndrome are at risk for developing renal disease.",mortality,Chronic Kidney Disease and Organoids
Targeting ER Import And Activation Of Viral Glycoproteins: Towards Broad-Spectrum Antivirals,"The VIGILANT consortium is dedicated to tackling the global threat posed by emerging viruses, exemplified by the COVID-19 pandemic and the Ebola epidemic in Western Africa. These events have emphasized the profound impact of such viruses on human health and economic stability. Moreover, anthropogenic factors, notably climate change, will result in an increase in the frequency of outbreaks caused by these viruses in the future. To address this vulnerability, the VIGILANT consortium pursues the development of antivirals with broad-spectrum activity.",virology,"Innovative Vaccines, Antivirals, and Diagnostics Tools"
Detoxifying alcohol in the wild- Investigating convergent evolution among butterflies feeding on fermenting fruits,"Key innovations allow organisms to exploit novel resources fuelling rapid diversification. Fermenting fruits have higher nutritional value, for example, than nectar, and their consumption provides higher fitness benefits. However, the high alcohol concentration in fermenting fruits reaching up to 8% can be detrimental, making them a challenging resource. Nevertheless, diverse animals feed and breed on fermenting fruits using the alcohol detoxification system, yet little is known about how this convergent phenotype evolved.",genetics,Molecular and Ecological Plant Adaptation
Urban biography of a cosmopolitan African capital,"The project aims at writing an urban biography of Tungul (Old Dongola, Sudan). The use of the native Nubian designation of the city underscores its medieval African heritage, while the “biographical” approach aids in conceptualizing the city as a complex, living organism. Tungul was originally the capital of the kingdom of Makuria which transformed into a city-state under the patronage of Funj sultans (16th–19th cent.). Makuria was a medieval African kingdom that thrived in the Middle Nile Valley from the end of the 4th cent. to the late 15th cent. CE.",geochemistry,"Digital, Social, and Policy Innovations in Health"
Pulsed Laser Light and Nano-encapsulated Ocular Dyes for Advanced Therapies in the Eye,"Ocular diseases affect the quality of life of millions of patients. Despite improvements in pharmacological treatments, the arsenal of medications to treat severe ocular diseases today remains rather restricted to traditional drugs. Use of most modern biotherapeutics like proteins and nucleic acids, could be a major step forward. However, current ways of administration such as eye drops and intravitreal injections, are no longer sufficient to deliver these drugs to most targets in the eye. Therefore, novel concepts allowing biotherapeutics to safely overcome ocular barriers are of high interest.",nucleic acids,Retinal and Ocular Disease Mechanisms and Therapies
Deep Brain Neuromodulation using Temporal Interference Magnetic Stimulation,"Five out of ten diseases leading to long term-disability are related to the brain, including stroke, depression or dementia. Despite tremendous progress in neurotechnology, there is still no effective treatment option available for many brain-related disorders. A very promising approach to treat brain disorders uses transcranial electric or magnetic stimulation (TES/TMS) to directly influence brain activity related to specific symptoms. However, these methods are limited in their spatial resolution, specificity and ability to reach deep brain areas.",neurobiology,Neuromodulation and Neurotechnology Therapies
The first IVDR-approved commercial software solutions for AI-powered RNA-based companion and precision cancer diagnostics of acute myeloid leukaemia and bladder cancer,"Qlucore is developing visualisation-based analytical solutions with an established position in the next-generation sequencing (NGS) market. As pioneers in RNA-data analysis, we aim to revolutionise the field of companion and clinical diagnostics by developing software platforms integrating AI-powered machine-learning classification models for gene expression signatures and gene fusion analysis.By providing highly accurate and specific diagnoses, our platform represents the future of precision oncology, putting Europe at the forefront of AI-powered cancer classification.",genetics,Multimodal Cancer Imaging and Diagnostics Technologies
Pannexin 1 – a novel target for pediatric orphan epilepsy,"Epilepsy is a group of syndromes with high unmet medical need, especially in children as frequent seizures affect the immature brain and its development. In some orphan syndromes, drug resistance is 70% with dramatic consequences for patients and their families. Novel treatments must prevent the negative effects of seizures, but also minimize off-target effects on brain development and cognitive functions. Our solution is the specific blockade of the activated form of the Pannexin 1 (Panx1) channel using a reformulated form of probenecid: PTI5803. This compound, a first-in-class drug, inhibits seizures preclinically in >80% of cases without hampering cognitive functions.",epilepsy,Neuromodulation and Neurotechnology Therapies
PeRsonalised treatmEnts and pain manaGEmeNt for rEpaiR of Aged bone Tissue wIth quantum mOlecular resoNance,"REGENERATION aims to (i) build a multidisciplinary research network involving experts of technical and medical disciplines to merge their expertise and exploit possible synergies for the development of reliable and sustainable in vitro cell models of healthy and aged bone tissue treated with or without QMR (Quantum Molecular Resonance) and (ii) train a cohort of scientists and technologists in exploiting the model features to increase knowledge on the effects of aging on bone biology and mechanobiology, and on bone response to QMR, to leverage the use of  cell models in clinics and basic/industrial research labs.",pathology,Bone Bioprinting and Regenerative Implant Technologies
